date,rating,deviation,n_faceoffs,wins,player_name
Starting,1500.0,133.0,0,0,Hanna Beattie
2019-10,1532.6935610694932,52.605162601899856,45,24,Hanna Beattie
2019-12,1539.3526401995744,53.705577620241364,47,25,Hanna Beattie
2020-02,1538.6873342209963,53.22816896961736,51,27,Hanna Beattie
2020-03,1523.3493070853237,53.026632923155525,53,27,Hanna Beattie
2021-11,1524.0689792945723,56.18976856286566,55,28,Hanna Beattie
Starting,1500.0,133.0,0,0,Sara Bustad
2019-10,1351.755319596933,60.08574066403284,33,9,Sara Bustad
2020-02,1339.6486547054649,62.71472401999669,34,9,Sara Bustad
2021-01,1334.935956067497,63.97800285578852,35,9,Sara Bustad
Starting,1500.0,133.0,0,0,Becki Bowering
2019-10,1447.6455554571241,43.51761245225822,72,32,Becki Bowering
2019-11,1446.6771750938417,34.834444265690635,116,53,Becki Bowering
2019-12,1441.1159065249662,30.366905443528964,162,69,Becki Bowering
2020-01,1434.0205919731702,27.256821090511355,213,88,Becki Bowering
2020-02,1427.100240537985,25.50686780765481,262,107,Becki Bowering
2020-03,1442.1367299253673,25.65772540678571,289,123,Becki Bowering
Starting,1500.0,133.0,0,0,Sarah Schwenzfeier
2019-10,1434.2011288733152,47.43135557797516,58,23,Sarah Schwenzfeier
2019-11,1459.6452892394148,35.86849157168534,109,46,Sarah Schwenzfeier
2019-12,1481.073245553579,24.111276803910986,246,111,Sarah Schwenzfeier
2020-01,1475.6499402423592,19.732207225165045,396,176,Sarah Schwenzfeier
2020-02,1483.5977299403517,20.272803644404565,458,206,Sarah Schwenzfeier
2020-03,1491.8677490823138,20.312518452131425,528,241,Sarah Schwenzfeier
2021-01,1490.889534859622,21.79503605888923,568,259,Sarah Schwenzfeier
2021-03,1487.919584292386,25.574143985170448,581,265,Sarah Schwenzfeier
Starting,1500.0,133.0,0,0,Emma Vlasic
2019-10,1580.9289203684764,35.57224977610149,110,69,Emma Vlasic
2019-11,1570.3498722318304,29.449392774129958,169,102,Emma Vlasic
2019-12,1574.9809198546482,22.39088466549962,304,183,Emma Vlasic
2020-01,1554.4936504641285,20.177665346072718,417,241,Emma Vlasic
2020-02,1561.5077731233926,20.551217295928033,477,275,Emma Vlasic
2020-03,1547.3123971595342,21.320090309396633,522,295,Emma Vlasic
2021-01,1561.4095440036328,21.723617637935387,585,333,Emma Vlasic
2021-03,1549.4094369066895,25.131691206502868,605,342,Emma Vlasic
2021-11,1552.0907821756855,21.06042866499439,737,415,Emma Vlasic
2021-12,1557.324000503708,20.659075430753578,809,460,Emma Vlasic
2022-01,1559.9998580626343,22.082661679475557,835,475,Emma Vlasic
2022-02,1549.7399768133487,22.906430031990375,866,488,Emma Vlasic
2022-03,1535.1062180098518,20.225017082798715,981,547,Emma Vlasic
Starting,1500.0,133.0,0,0,Kim Brown
2019-10,1434.2122263660074,73.40705867952805,20,6,Kim Brown
2019-11,1523.436812194873,57.03339990440538,39,17,Kim Brown
2019-12,1544.5405763691067,46.19345872621866,63,28,Kim Brown
2020-01,1534.698106921149,44.51463298502723,71,31,Kim Brown
2020-02,1545.4523748679394,42.110984962363986,83,37,Kim Brown
2020-03,1562.1780918509448,42.28169197856708,87,41,Kim Brown
Starting,1500.0,133.0,0,0,Cassidy MacPherson
2019-10,1503.1658231657723,43.398708356547274,71,38,Cassidy MacPherson
2019-11,1499.8347502196389,30.44635910042302,150,80,Cassidy MacPherson
2019-12,1488.6360985727124,24.933671055063797,240,117,Cassidy MacPherson
2020-01,1505.922867186428,22.8560443860866,315,156,Cassidy MacPherson
2020-02,1507.7390982534162,21.86503606179205,384,192,Cassidy MacPherson
2020-03,1491.6610856177208,23.087103650431427,408,200,Cassidy MacPherson
2021-01,1518.3443464682218,23.054714561784095,464,234,Cassidy MacPherson
2021-02,1500.977811983182,24.450439237093345,480,236,Cassidy MacPherson
2021-11,1477.6076025327056,23.519452514296162,568,273,Cassidy MacPherson
2021-12,1496.0863371444725,23.897798334356303,602,292,Cassidy MacPherson
2022-01,1513.0972039885678,22.376977813720767,673,331,Cassidy MacPherson
2022-02,1533.6908099061689,19.547045015032495,803,410,Cassidy MacPherson
2022-03,1523.3636489815296,19.150821710849215,895,451,Cassidy MacPherson
Starting,1500.0,133.0,0,0,Corinne Buie
2019-10,1605.3541911666764,66.44217699329499,27,18,Corinne Buie
2019-11,1461.0092653239362,32.27483819854339,136,64,Corinne Buie
2019-12,1480.1535978835418,25.58448312158039,230,106,Corinne Buie
2020-01,1486.6463157226008,22.74540783419836,314,146,Corinne Buie
2020-02,1510.6415365895966,21.07862379587511,405,199,Corinne Buie
2020-03,1514.3297693871837,23.083119513621085,417,207,Corinne Buie
Starting,1500.0,133.0,0,0,Grace Klienbach
2019-10,1517.971000460986,114.72918014979592,3,2,Grace Klienbach
2019-11,1555.7974842149401,94.16298089445456,8,5,Grace Klienbach
2019-12,1457.7068628776176,71.1830159483686,20,9,Grace Klienbach
2020-01,1432.6249340422983,69.12066026802793,22,9,Grace Klienbach
2020-03,1464.3069193760434,68.09191639154444,24,11,Grace Klienbach
2021-11,1441.5240007132286,48.45267977056939,56,24,Grace Klienbach
2021-12,1498.4463681434827,41.84676396836947,79,38,Grace Klienbach
2022-01,1496.9177401379386,39.02082548450806,95,45,Grace Klienbach
2022-02,1445.6183419555357,26.994993275113057,192,82,Grace Klienbach
2022-03,1457.4224645621293,26.271858354299734,229,98,Grace Klienbach
Starting,1500.0,133.0,0,0,Jane Morrisette
2019-10,1539.1274730373148,70.48290304349675,22,12,Jane Morrisette
2019-11,1553.6319772475852,51.44623033686542,45,23,Jane Morrisette
2019-12,1436.14013239051,32.86233028438788,118,44,Jane Morrisette
2020-01,1451.5550367891335,29.38922962722405,161,65,Jane Morrisette
2020-02,1437.925530437522,29.286840871751675,180,69,Jane Morrisette
2020-03,1455.9537664572817,29.034447204356653,201,81,Jane Morrisette
Starting,1500.0,133.0,0,0,Kandice Sheriff
2019-10,1620.389429158033,95.5750142172215,8,6,Kandice Sheriff
2019-11,1593.248819922351,85.6422410706472,12,8,Kandice Sheriff
2019-12,1600.1473744075683,82.09946698531712,14,9,Kandice Sheriff
2020-01,1580.6886399498183,80.55303662316688,15,9,Kandice Sheriff
2020-02,1519.1975827293877,72.49189280948379,20,10,Kandice Sheriff
2020-03,1504.7012646807484,71.70117853145065,21,10,Kandice Sheriff
Starting,1500.0,133.0,0,0,Taylor Accursi
2019-10,1562.7997163382238,83.51082243101511,14,7,Taylor Accursi
2019-11,1496.2323927937878,71.81186727564464,21,8,Taylor Accursi
2019-12,1488.1123876659315,68.47962352072246,24,9,Taylor Accursi
2020-01,1503.608854076858,67.67782941808555,26,10,Taylor Accursi
2020-02,1487.1325326731746,62.170155253926616,32,12,Taylor Accursi
2020-03,1470.690514308119,60.90750380237465,35,12,Taylor Accursi
2021-11,1482.377846425929,63.95514458896112,36,13,Taylor Accursi
2022-01,1476.533915610259,64.87805242944742,37,13,Taylor Accursi
Starting,1500.0,133.0,0,0,Sarah Hughson
2019-10,1360.1432759658105,93.99066213833042,9,2,Sarah Hughson
2019-11,1404.3309189971224,86.05944941117758,13,4,Sarah Hughson
2019-12,1459.892153735898,79.46814867163755,17,7,Sarah Hughson
2020-01,1479.5740283980256,78.16756119576847,18,8,Sarah Hughson
2020-02,1571.957284924508,71.28144930490343,23,13,Sarah Hughson
2021-01,1543.1924994790452,63.42362547158486,32,17,Sarah Hughson
Starting,1500.0,133.0,0,0,Ana Orzechowski
2019-10,1541.716918454558,125.42823473733786,1,1,Ana Orzechowski
2019-11,1507.8610359344275,118.71756454601741,2,1,Ana Orzechowski
Starting,1500.0,133.0,0,0,Cailey Hutchison
2019-10,1475.6294202751994,33.58352626084739,127,57,Cailey Hutchison
2019-11,1473.7232294694281,32.832792011517476,143,63,Cailey Hutchison
2019-12,1520.4787276858963,21.700469472255584,316,158,Cailey Hutchison
2020-01,1535.2261792957067,19.840523988992658,426,219,Cailey Hutchison
2020-02,1530.2221374115768,20.772967007210394,473,242,Cailey Hutchison
2020-03,1531.9251690418428,22.242133229195485,497,255,Cailey Hutchison
2021-01,1533.0832671295314,23.63728690725559,525,270,Cailey Hutchison
2021-11,1534.1868525358555,27.515664685753457,559,288,Cailey Hutchison
2021-12,1529.5409447945506,26.305850225591875,597,308,Cailey Hutchison
2022-01,1531.6558575758784,27.056638368697705,613,316,Cailey Hutchison
2022-02,1543.5292753782983,27.787046582297087,627,326,Cailey Hutchison
2022-03,1512.55748095965,24.452573188247435,698,358,Cailey Hutchison
Starting,1500.0,133.0,0,0,Jillian Dempsey
2019-10,1552.273039479058,31.66256766048786,143,84,Jillian Dempsey
2019-11,1588.268019177261,27.08306181092429,205,127,Jillian Dempsey
2019-12,1573.2853234828326,21.71218857114403,337,205,Jillian Dempsey
2020-01,1579.4528212582607,18.8636801345931,490,304,Jillian Dempsey
2020-02,1588.3935661384528,19.82276625172457,548,342,Jillian Dempsey
2020-03,1595.48545323336,21.7997042215738,567,357,Jillian Dempsey
2021-01,1591.4290241856834,21.47505260503845,649,410,Jillian Dempsey
2021-02,1601.9003982213696,23.219010366881275,666,425,Jillian Dempsey
2021-03,1598.4587964885168,23.426620387958646,706,449,Jillian Dempsey
2021-11,1594.6876737076436,20.588765338831994,833,525,Jillian Dempsey
2021-12,1579.5404745776527,21.882353610646366,865,539,Jillian Dempsey
2022-01,1567.5178665629367,21.733841287714284,921,567,Jillian Dempsey
2022-02,1574.910641967756,21.520681394551577,980,603,Jillian Dempsey
2022-03,1536.758395280142,20.3041806133176,1071,640,Jillian Dempsey
Starting,1500.0,133.0,0,0,Carlee Toews
2019-10,1484.5018683284663,109.76215190452716,4,2,Carlee Toews
2019-11,1455.6457052852215,103.61416567713978,6,2,Carlee Toews
2020-02,1385.0640234569098,94.38818031357626,9,2,Carlee Toews
Starting,1500.0,133.0,0,0,Nichelle Simon
2019-10,1360.041579451749,78.86959785279528,16,4,Nichelle Simon
2019-12,1437.355932643608,66.77073146481699,27,10,Nichelle Simon
2020-02,1426.2225816754412,67.19100490664574,28,10,Nichelle Simon
Starting,1500.0,133.0,0,0,Mary Parker
2019-10,1517.817149098544,33.38170866545989,129,68,Mary Parker
2019-11,1505.5135267406336,29.84938505046391,171,89,Mary Parker
2019-12,1525.2379277437801,28.226370981594446,207,113,Mary Parker
2020-01,1522.990344466781,28.122039772833997,229,124,Mary Parker
2020-02,1523.6382108403561,25.529074088573136,286,154,Mary Parker
2020-03,1515.4724498238256,26.319618239539732,304,161,Mary Parker
2021-01,1512.151681965056,28.742724195455878,305,161,Mary Parker
Starting,1500.0,133.0,0,0,Kendall Cornine
2019-10,1515.768694487411,37.99624142351049,98,53,Kendall Cornine
2019-11,1541.3635392827389,35.766070960366726,116,65,Kendall Cornine
2019-12,1502.8556712285347,22.56488124768788,286,149,Kendall Cornine
2020-01,1526.4186771119344,18.520954017465886,456,244,Kendall Cornine
2020-02,1525.483991866623,18.692002056091408,545,292,Kendall Cornine
2020-03,1521.0410008347226,20.15677950704445,585,312,Kendall Cornine
2021-01,1528.2556142420117,22.130980123473712,612,329,Kendall Cornine
2021-11,1522.9527535731372,22.41071194931526,725,387,Kendall Cornine
2021-12,1516.855330182688,22.52461644951467,771,409,Kendall Cornine
2022-01,1527.5574929934648,21.166718722108087,852,454,Kendall Cornine
2022-02,1500.2248786631696,18.615031262169058,999,515,Kendall Cornine
2022-03,1514.3044460139279,17.840787096994024,1128,588,Kendall Cornine
Starting,1500.0,133.0,0,0,Lexie Laing
2019-10,1598.0165753777221,35.64697185853602,110,71,Lexie Laing
2019-11,1603.945521423234,32.23341500817981,142,91,Lexie Laing
2019-12,1584.2204077434121,24.536458287111845,254,156,Lexie Laing
2020-01,1578.0318224186076,21.217936646338448,369,227,Lexie Laing
2020-02,1575.8066606850532,22.064160026499454,409,251,Lexie Laing
2020-03,1580.5411198414515,23.390702274527236,432,266,Lexie Laing
2021-01,1560.8659097033512,22.301929882875285,513,309,Lexie Laing
2021-02,1564.0885551761517,23.875247916893926,529,320,Lexie Laing
2021-03,1559.7969343426478,24.43273852801975,557,335,Lexie Laing
2021-11,1548.726462219271,26.72596386335717,562,335,Lexie Laing
2021-12,1547.7775262321436,25.492602514612226,604,356,Lexie Laing
2022-01,1544.8946279504285,27.109156762862646,611,359,Lexie Laing
2022-02,1541.8954348750478,29.004055713781298,613,360,Lexie Laing
2022-03,1541.6370492734036,30.660240638926826,615,361,Lexie Laing
Starting,1500.0,133.0,0,0,Madison Packer
2019-10,1484.835957833002,105.38899284735564,5,2,Madison Packer
2019-11,1443.8250815325362,97.87483883571487,7,2,Madison Packer
2019-12,1374.4172232522574,65.00916716083864,27,7,Madison Packer
2020-01,1412.7048874021734,58.240122523998984,38,12,Madison Packer
2020-02,1402.4686046914908,58.06167935376269,40,12,Madison Packer
2020-03,1410.8293031331275,55.08471983518736,46,15,Madison Packer
2021-01,1407.530987445373,53.408858495148834,51,17,Madison Packer
2021-11,1404.5822145821344,56.346810699251634,52,17,Madison Packer
2021-12,1401.335982098503,56.90889047953492,53,17,Madison Packer
2022-01,1392.5137227922378,57.14214444923461,54,17,Madison Packer
2022-03,1393.8624396705097,57.258257097238165,57,18,Madison Packer
Starting,1500.0,133.0,0,0,Marisa Raspa
2019-10,1541.716918454558,125.42823473733786,1,1,Marisa Raspa
2019-12,1517.428038176064,59.75738893840503,30,16,Marisa Raspa
2020-01,1515.7533596537237,52.37378395962805,42,23,Marisa Raspa
Starting,1500.0,133.0,0,0,Nicole Schammel
2019-10,1515.2218895595415,48.061738356550244,58,30,Nicole Schammel
2019-11,1496.3725561250112,47.09996068343713,63,31,Nicole Schammel
2019-12,1499.8520794232084,47.55573871220039,65,32,Nicole Schammel
2020-01,1480.4474626964827,46.0138490141169,72,34,Nicole Schammel
2020-02,1475.4721260797867,46.82130887849483,73,34,Nicole Schammel
2020-03,1473.5174619098425,47.79583673179171,74,34,Nicole Schammel
2021-11,1481.2700458959953,52.26953249782131,75,35,Nicole Schammel
2022-01,1450.1347728625049,47.498744902833614,90,40,Nicole Schammel
2022-02,1406.4050392135714,40.48118857483449,114,46,Nicole Schammel
Starting,1500.0,133.0,0,0,Brooke White-Lancette
2019-10,1458.283081545442,125.42823473733786,1,0,Brooke White-Lancette
2020-02,1422.793307899812,119.64208958079386,2,0,Brooke White-Lancette
Starting,1500.0,133.0,0,0,Mallory Rushn
2019-10,1541.716918454558,125.42823473733786,1,1,Mallory Rushn
2019-12,1510.8386880073624,104.56009237565804,5,2,Mallory Rushn
2020-01,1500.6663391942147,94.82630558146248,8,3,Mallory Rushn
2020-02,1504.6886840004104,89.48939128316012,10,4,Mallory Rushn
2020-03,1525.2714272951312,87.26077187006761,11,5,Mallory Rushn
Starting,1500.0,133.0,0,0,Lauren Barnes
2019-10,1482.3277216888885,38.294487585895666,92,43,Lauren Barnes
2019-11,1514.4636614805058,34.189533242920945,123,61,Lauren Barnes
2019-12,1531.2027643060326,29.015266975856775,176,91,Lauren Barnes
2020-01,1487.4164226126957,22.299041013842583,302,143,Lauren Barnes
2020-02,1484.4930961010343,22.656894111160703,343,163,Lauren Barnes
2020-03,1481.8833944274472,23.456459522260193,372,175,Lauren Barnes
Starting,1500.0,133.0,0,0,Brooke Avery
2019-10,1526.8818294063954,63.86965964950234,28,15,Brooke Avery
2019-11,1526.9996562667136,53.543110329823094,42,21,Brooke Avery
2019-12,1547.9044249139558,42.96641619919791,70,38,Brooke Avery
2020-01,1532.356537676193,34.16737384225128,115,59,Brooke Avery
2020-02,1525.1394533676296,35.48074410372182,117,59,Brooke Avery
2021-01,1528.699075140823,38.510854499313645,119,60,Brooke Avery
Starting,1500.0,133.0,0,0,Haylea Schmid
2019-10,1425.858690311386,41.72566319289847,76,29,Haylea Schmid
2019-11,1465.7896475925093,35.24841271804587,116,48,Haylea Schmid
2019-12,1475.314089024931,27.18933705413272,196,86,Haylea Schmid
2020-01,1480.7739832350512,21.006597264948315,338,151,Haylea Schmid
2020-02,1492.0098447056037,21.586256565870343,382,176,Haylea Schmid
2020-03,1495.4898237641469,22.775829966560487,409,192,Haylea Schmid
2021-01,1499.4682467473287,24.152964951761142,435,205,Haylea Schmid
2021-03,1490.7934150989909,26.197732768794467,464,216,Haylea Schmid
2021-11,1484.2393876201188,28.41794459836982,467,216,Haylea Schmid
2022-02,1467.2917842544932,30.096410254593668,497,227,Haylea Schmid
2022-03,1487.9692879877377,29.73309621044823,517,239,Haylea Schmid
Starting,1500.0,133.0,0,0,Brooke Baker
2019-10,1451.6046106628453,109.76215190452716,4,1,Brooke Baker
2019-11,1457.2501138757862,98.94711511343758,7,2,Brooke Baker
2019-12,1418.748523100443,92.66974020419735,9,2,Brooke Baker
2020-01,1334.0172872238143,71.68937373996229,20,3,Brooke Baker
Starting,1500.0,133.0,0,0,Meghan Lorence
2019-10,1518.6595291502192,120.43792929806301,2,1,Meghan Lorence
2020-01,1576.045406486996,73.2030230537565,19,12,Meghan Lorence
2021-01,1587.7486117673932,74.22739367172746,20,13,Meghan Lorence
2021-11,1465.9166251435722,43.67717886891753,69,31,Meghan Lorence
Starting,1500.0,133.0,0,0,Tatiana Shatalova
2019-10,1404.4135842392106,120.43792929806301,2,0,Tatiana Shatalova
2019-11,1381.589669298946,115.24824879931637,3,0,Tatiana Shatalova
2019-12,1427.1454541838855,94.45889851895369,8,3,Tatiana Shatalova
2020-02,1455.7426161279882,92.33468699188809,9,4,Tatiana Shatalova
Starting,1500.0,133.0,0,0,Audra Morrison
2019-10,1552.5210079741644,82.91533537104243,15,7,Audra Morrison
2019-11,1520.6408163710548,74.5055568265807,20,8,Audra Morrison
2019-12,1523.50437143381,63.7771225452942,30,12,Audra Morrison
2020-01,1570.735779108957,51.415036098649594,50,25,Audra Morrison
2020-02,1561.5725518961083,51.94077710688233,51,25,Audra Morrison
2021-01,1553.7642716790997,53.65329095468768,52,25,Audra Morrison
2021-12,1549.1785516429736,57.35180330908519,53,25,Audra Morrison
2022-02,1504.040724376744,54.283811141819854,60,26,Audra Morrison
2022-03,1499.794411891302,54.81011405589799,61,26,Audra Morrison
Starting,1500.0,133.0,0,0,Stephanie Anderson
2019-10,1490.5952017798068,59.55441198582484,33,16,Stephanie Anderson
2019-11,1482.7459916359994,45.491171391832296,62,30,Stephanie Anderson
2019-12,1484.5601660179948,44.16096375842275,69,34,Stephanie Anderson
2020-01,1493.1285976904283,42.56696186077499,78,39,Stephanie Anderson
2020-02,1516.4099962707544,41.186641870736665,88,46,Stephanie Anderson
2020-03,1524.875139333587,38.91306717026416,104,55,Stephanie Anderson
2021-01,1508.9105214460853,27.900132570781235,203,101,Stephanie Anderson
2021-03,1496.430822642787,27.742676388353736,243,115,Stephanie Anderson
2021-11,1494.0389281497949,24.092166087547323,327,153,Stephanie Anderson
2021-12,1491.520858239713,22.348547632198073,399,184,Stephanie Anderson
2022-01,1488.2382567564916,23.54293239810928,422,196,Stephanie Anderson
2022-02,1471.0463625156772,24.382820229254943,445,201,Stephanie Anderson
Starting,1500.0,133.0,0,0,Erin Gehen
2019-10,1335.4365970817698,80.7614777586639,14,2,Erin Gehen
2019-11,1351.0284533852835,79.41529380855222,15,3,Erin Gehen
2020-03,1370.868960021005,80.07638997032628,16,4,Erin Gehen
Starting,1500.0,133.0,0,0,Christina Putigna
2019-10,1481.8782998873455,112.0181422632292,4,1,Christina Putigna
2019-12,1544.575651719032,105.24486394946564,6,3,Christina Putigna
2020-01,1568.7368987290884,101.36476600777281,7,4,Christina Putigna
2020-02,1595.087935813342,97.82821489661227,8,5,Christina Putigna
2021-12,1613.4376214690085,97.91982859120701,9,6,Christina Putigna
2022-03,1612.3675967394465,93.24128542418269,11,7,Christina Putigna
Starting,1500.0,133.0,0,0,Tori Sullivan
2019-10,1500.0,119.0179750055001,2,1,Tori Sullivan
2019-11,1508.033204075387,76.73923754164568,15,7,Tori Sullivan
2019-12,1501.6559231090075,68.5889558866401,21,10,Tori Sullivan
2020-01,1488.1456161359922,66.25659915419399,24,11,Tori Sullivan
2020-02,1502.9757952390235,65.93775911900707,25,12,Tori Sullivan
2021-02,1518.4125549402083,67.54064248135903,26,13,Tori Sullivan
2021-11,1505.4666275679276,68.22796938411105,27,13,Tori Sullivan
2022-03,1491.17666710328,70.01815124762435,28,13,Tori Sullivan
Starting,1500.0,133.0,0,0,Emily Fluke
2019-10,1387.711089654157,109.76215190452716,4,0,Emily Fluke
2019-11,1439.464225011471,91.1827334094926,9,3,Emily Fluke
2019-12,1475.5765255323372,74.59209420098612,19,7,Emily Fluke
2020-01,1472.1091582653305,71.68597337291833,22,8,Emily Fluke
2020-02,1457.8023500835288,70.95380395940425,23,8,Emily Fluke
2020-03,1442.8482995230522,70.28498618374462,24,8,Emily Fluke
2021-01,1426.4384130260278,66.04804963388654,29,9,Emily Fluke
2021-11,1444.5878428616481,57.442996327606764,42,15,Emily Fluke
2022-02,1437.859580050609,59.548963386103374,43,15,Emily Fluke
Starting,1500.0,133.0,0,0,Meaghan Pezon
2019-10,1396.1470319434027,54.950863992809936,40,14,Meaghan Pezon
2019-11,1404.7760273984695,44.49271096585674,67,26,Meaghan Pezon
2019-12,1471.3984917745152,31.513032048442454,140,66,Meaghan Pezon
2020-01,1432.2502452836534,22.54039565767797,277,118,Meaghan Pezon
2020-02,1439.6148679194546,22.140490020844627,335,146,Meaghan Pezon
2020-03,1430.9684890048106,22.270109066229406,383,163,Meaghan Pezon
2021-01,1427.960177997261,25.01702613802495,386,163,Meaghan Pezon
2021-03,1447.900775282195,26.004354669918904,429,183,Meaghan Pezon
2022-01,1433.7524944344411,29.920238764576624,449,189,Meaghan Pezon
2022-02,1431.5159567077014,24.233851827206554,543,226,Meaghan Pezon
2022-03,1453.947787475755,22.466034866815882,617,263,Meaghan Pezon
Starting,1500.0,133.0,0,0,Allie Thunstrom
2019-10,1575.1236550044687,119.0179750055001,2,2,Allie Thunstrom
2019-11,1614.323943327773,113.30049726603269,3,3,Allie Thunstrom
2020-01,1711.7044051553182,84.8980148583139,12,10,Allie Thunstrom
2020-02,1602.2571985684185,66.25478653142342,29,19,Allie Thunstrom
2020-03,1612.036807836806,65.94917623187781,30,20,Allie Thunstrom
2021-01,1557.074638221685,63.41247515684787,34,20,Allie Thunstrom
2021-11,1577.2743162418017,61.48684090460699,39,23,Allie Thunstrom
2021-12,1596.8052355340817,60.01275687674815,42,25,Allie Thunstrom
2022-02,1584.3837412054081,60.95901772395585,43,25,Allie Thunstrom
Starting,1500.0,133.0,0,0,Nina Rodgers
2019-10,1563.6108219740079,127.09351311837756,1,1,Nina Rodgers
2021-01,1475.1245046416896,102.34841618347525,6,2,Nina Rodgers
Starting,1500.0,133.0,0,0,Kendra Broad
2019-10,1417.720626610181,69.4907843643432,24,10,Kendra Broad
2019-11,1425.5558747297043,61.985129398338415,33,13,Kendra Broad
2020-01,1489.5305855096074,40.34127766417679,83,38,Kendra Broad
Starting,1500.0,133.0,0,0,Brooke Stacey
2019-10,1576.8942675401252,107.38110549335408,5,4,Brooke Stacey
2019-11,1505.4771082835425,99.47673915390992,7,4,Brooke Stacey
2019-12,1519.161872321143,93.4353903850227,9,5,Brooke Stacey
2020-01,1571.2889051884865,89.43068593745076,11,7,Brooke Stacey
2021-01,1589.1791744701684,83.69290124185554,14,9,Brooke Stacey
Starting,1500.0,133.0,0,0,Jonna Curtis
2019-10,1513.923322967017,107.38110549335408,5,2,Jonna Curtis
2019-11,1475.8927509821194,86.10823925320129,13,4,Jonna Curtis
2019-12,1483.1165286891976,77.9556431122269,18,7,Jonna Curtis
2020-01,1466.0831324280603,76.75163145213843,19,7,Jonna Curtis
2020-02,1413.7195742129202,72.62205324657744,22,7,Jonna Curtis
2020-03,1411.944763114667,66.9997541925266,27,9,Jonna Curtis
2021-01,1437.5965120720612,38.253934903027506,99,40,Jonna Curtis
2021-03,1439.6568063791362,40.482895654064166,102,41,Jonna Curtis
2021-11,1440.9490719599705,39.96874812156621,114,44,Jonna Curtis
2021-12,1467.731305432959,38.468159202316876,127,52,Jonna Curtis
2022-01,1470.5389795854653,36.72644407558301,143,59,Jonna Curtis
2022-02,1474.563484173207,33.39145149029455,175,70,Jonna Curtis
2022-03,1483.5479806547085,31.818939649845753,197,81,Jonna Curtis
Starting,1500.0,133.0,0,0,McKenna Brand
2019-10,1471.0797282836832,104.4336325224385,5,2,McKenna Brand
2019-11,1500.2875463816818,101.15193467517035,6,3,McKenna Brand
2019-12,1465.8578857133925,86.69199352488725,11,5,McKenna Brand
2020-01,1453.670639766428,85.33158056594753,12,5,McKenna Brand
2020-02,1437.7381760288768,83.58807763684008,13,5,McKenna Brand
2021-01,1447.4301229117418,71.3920176771796,21,9,McKenna Brand
2021-02,1415.1330285439276,69.56876272761308,23,9,McKenna Brand
2021-11,1395.4518912457045,69.03493088466814,25,9,McKenna Brand
2021-12,1416.2018720099366,63.45287737948872,31,12,McKenna Brand
2022-01,1439.7580447799214,62.31539110866863,33,14,McKenna Brand
2022-02,1436.6266397473757,62.767862349689956,34,14,McKenna Brand
2022-03,1448.8131904130626,51.980077525785994,51,22,McKenna Brand
Starting,1500.0,133.0,0,0,Chelsey Brodt Rosenthal
2019-10,1458.283081545442,125.42823473733786,1,0,Chelsey Brodt Rosenthal
Starting,1500.0,133.0,0,0,Kayla Meneghin
2019-10,1469.996730446343,106.37106115027953,5,2,Kayla Meneghin
2019-12,1493.2578874189853,84.53405477515781,12,6,Kayla Meneghin
2020-01,1518.0072693361171,82.91972164463046,13,7,Kayla Meneghin
2021-01,1506.5828493892895,67.27489276664326,25,11,Kayla Meneghin
Starting,1500.0,133.0,0,0,Jordan Brickner
2019-10,1458.283081545442,125.42823473733786,1,0,Jordan Brickner
2019-11,1424.8165799665107,118.62917571954114,2,0,Jordan Brickner
Starting,1500.0,133.0,0,0,Kalli Funk
2019-10,1643.2851736889106,109.76215190452716,4,4,Kalli Funk
Starting,1500.0,133.0,0,0,Lisa Martinson
2019-10,1458.283081545442,125.42823473733786,1,0,Lisa Martinson
Starting,1500.0,133.0,0,0,Kelsey Cline
2019-10,1458.283081545442,125.42823473733786,1,0,Kelsey Cline
Starting,1500.0,133.0,0,0,Kate Leary
2019-10,1477.9468188794324,127.09351311837756,1,0,Kate Leary
2019-12,1475.379741358826,113.68301274582346,3,1,Kate Leary
2020-01,1449.716214008246,107.27176281864072,5,1,Kate Leary
2020-02,1485.0899092750426,103.10142041043788,6,2,Kate Leary
2020-03,1536.4280668971587,94.36065309159002,9,4,Kate Leary
Starting,1500.0,133.0,0,0,Marie-Jo Pelletier
2019-11,1425.1883515198508,117.8887848109107,2,0,Marie-Jo Pelletier
Starting,1500.0,133.0,0,0,Ashley Birdsall
2019-11,1598.905705823263,119.66434471241638,2,2,Ashley Birdsall
2020-02,1529.969820837447,105.01786589134791,5,2,Ashley Birdsall
Starting,1500.0,133.0,0,0,Iveta Klimasova
2019-11,1483.653618025537,107.54493542520486,4,2,Iveta Klimasova
2019-12,1468.760926127458,100.81201016768593,6,3,Iveta Klimasova
2020-01,1452.6385055646415,90.81568965474798,9,4,Iveta Klimasova
2020-02,1389.2358191557898,82.16512705847687,13,4,Iveta Klimasova
2021-01,1376.5451758165389,81.84539945122876,14,4,Iveta Klimasova
2021-02,1368.2455774889518,81.00060996762986,15,4,Iveta Klimasova
Starting,1500.0,133.0,0,0,Emma Ruggiero
2019-11,1550.146387707763,80.88191802805572,14,8,Emma Ruggiero
2019-12,1510.6180173807081,76.32596006818943,17,8,Emma Ruggiero
2020-01,1511.2306941829027,72.75565295143674,20,9,Emma Ruggiero
2020-02,1507.8053745053792,69.96959556847793,23,10,Emma Ruggiero
Starting,1500.0,133.0,0,0,Amanda Boulier
2019-11,1544.4750339964196,124.3676052512582,1,1,Amanda Boulier
2021-11,1500.7913838862378,121.42169112081676,2,1,Amanda Boulier
Starting,1500.0,133.0,0,0,Bulbul Kartanbay
2019-12,1439.7996005639588,117.91950741092906,2,0,Bulbul Kartanbay
Starting,1500.0,133.0,0,0,Kaycie Anderson
2019-12,1470.2532661191872,111.25877044039959,3,1,Kaycie Anderson
2021-11,1499.2210779530678,87.07155574501496,11,5,Kaycie Anderson
Starting,1500.0,133.0,0,0,Nicole Arnold
2019-12,1429.8362973577268,49.75687096368078,45,18,Nicole Arnold
2020-01,1433.7748253615634,45.93092202665076,56,23,Nicole Arnold
Starting,1500.0,133.0,0,0,Rose Alleva
2019-12,1480.189229381044,127.01068462069411,1,0,Rose Alleva
Starting,1500.0,133.0,0,0,Maddie Norn
2019-12,1456.4575749084725,124.2917071272675,1,0,Maddie Norn
Starting,1500.0,133.0,0,0,Taylor Wasylk
2019-12,1497.6945347570618,106.16135008958548,4,2,Taylor Wasylk
2021-01,1387.220413098862,60.44839673610019,30,8,Taylor Wasylk
2021-02,1382.2188430191218,60.7035481246145,31,8,Taylor Wasylk
2022-02,1373.5946251404948,64.39579312314672,32,8,Taylor Wasylk
Starting,1500.0,133.0,0,0,Sam Donovan
2019-12,1464.3740625227333,124.60030154074099,1,0,Sam Donovan
2020-02,1434.2576434345956,118.51449605446648,2,0,Sam Donovan
Starting,1500.0,133.0,0,0,Elena Gualtieri
2019-12,1518.1390326854903,119.65169052149372,2,1,Elena Gualtieri
Starting,1500.0,133.0,0,0,Kelly Nash
2019-12,1450.7954331460721,124.39876396888666,1,0,Kelly Nash
2020-01,1414.393954596531,76.15876250014388,15,5,Kelly Nash
2020-02,1381.705302884258,46.134153401725584,54,19,Kelly Nash
2020-03,1383.4749452493893,38.07024613081408,88,32,Kelly Nash
Starting,1500.0,133.0,0,0,Cassie Dunne
2019-12,1549.4674984516116,124.85722512310093,1,1,Cassie Dunne
Starting,1500.0,133.0,0,0,Sydney Baldwin
2020-01,1461.8105473050296,124.50820521816124,1,0,Sydney Baldwin
Starting,1500.0,133.0,0,0,Kaleigh Fratkin
2020-01,1541.7787759914615,124.29663860400079,1,1,Kaleigh Fratkin
2021-01,1462.2525691768415,113.05141516076188,3,1,Kaleigh Fratkin
2021-11,1436.416067834697,109.23586856082214,4,1,Kaleigh Fratkin
2022-02,1471.456234468301,106.40995326900449,5,2,Kaleigh Fratkin
2022-03,1447.0616657105563,102.43280475670976,6,2,Kaleigh Fratkin
Starting,1500.0,133.0,0,0,Jordan Juron
2020-01,1445.3522338179373,58.07958354018917,31,13,Jordan Juron
2020-03,1429.102641252414,56.34713680785525,36,15,Jordan Juron
2021-01,1483.2737471872372,35.93436236621553,109,48,Jordan Juron
2021-02,1478.6887705548934,33.96741874446283,131,55,Jordan Juron
Starting,1500.0,133.0,0,0,Elena Orlando
2020-01,1541.716918454558,125.42823473733786,1,1,Elena Orlando
2020-02,1535.8243590910995,113.00077843088722,3,2,Elena Orlando
2021-01,1485.3616125601125,110.64923456085046,4,2,Elena Orlando
Starting,1500.0,133.0,0,0,Winny Brodt Brown
2020-01,1421.7196559435292,108.66143550548577,4,1,Winny Brodt Brown
Starting,1500.0,133.0,0,0,Allie Lacombe
2020-01,1664.7311338188756,77.08134526767451,14,12,Allie Lacombe
2020-02,1564.7766358902425,64.21311574016765,26,16,Allie Lacombe
2020-03,1594.730246072655,45.618064778431325,58,36,Allie Lacombe
Starting,1500.0,133.0,0,0,Janine Weber
2020-01,1586.3007731477808,117.27114155898174,2,2,Janine Weber
2021-01,1620.039494608356,85.25051806188745,12,9,Janine Weber
2021-11,1594.796631082406,85.31173719481255,13,9,Janine Weber
2021-12,1581.9708271912025,81.75298092109085,15,10,Janine Weber
2022-02,1607.4888201169456,79.38119418036199,17,12,Janine Weber
2022-03,1564.733408700031,62.66848485790014,30,18,Janine Weber
Starting,1500.0,133.0,0,0,Alexa Aramburu
2020-02,1581.9506393450495,79.40127937085627,13,9,Alexa Aramburu
2020-03,1550.8283091596527,65.60543650284126,24,15,Alexa Aramburu
Starting,1500.0,133.0,0,0,Kristin Lewicki
2020-02,1369.742036956425,107.08586683757515,4,0,Kristin Lewicki
2021-01,1391.6288225918618,100.69855959436967,6,1,Kristin Lewicki
Starting,1500.0,133.0,0,0,Jenna Rheault
2020-02,1436.9542418331473,125.49953342755428,1,0,Jenna Rheault
2021-11,1500.1682310421702,115.38654092936393,3,2,Jenna Rheault
2021-12,1495.9690742426824,105.45380459828532,5,3,Jenna Rheault
2022-02,1467.0215040564897,101.89958976498615,6,3,Jenna Rheault
Starting,1500.0,133.0,0,0,Haley Frade
2020-02,1378.1575738704405,62.311665745932274,27,6,Haley Frade
2020-03,1385.267601593427,53.64183897570316,41,11,Haley Frade
Starting,1500.0,133.0,0,0,Mikyla Grant-Mentis
2020-02,1577.8940284424907,65.93856576818519,23,15,Mikyla Grant-Mentis
2020-03,1522.4963006191672,44.1777080911663,62,34,Mikyla Grant-Mentis
2021-01,1537.4569661385337,36.69265071106715,98,56,Mikyla Grant-Mentis
2021-03,1544.2792920855773,38.948770343046824,101,58,Mikyla Grant-Mentis
2021-11,1527.6294901043361,32.9246066738024,144,79,Mikyla Grant-Mentis
2021-12,1496.2987309408866,24.738870669231794,248,126,Mikyla Grant-Mentis
2022-01,1503.4206275611857,25.061877068611885,276,142,Mikyla Grant-Mentis
2022-02,1525.9341152140898,21.906758029619784,370,196,Mikyla Grant-Mentis
2022-03,1528.2565206647466,21.373069366375223,434,228,Mikyla Grant-Mentis
Starting,1500.0,133.0,0,0,Briana Mastel
2020-03,1542.24543891186,124.26939761894222,1,1,Briana Mastel
Starting,1500.0,133.0,0,0,Emily Janiga
2021-01,1442.27338291124,46.76399385794722,57,24,Emily Janiga
2021-11,1498.9898808756964,33.13324984885036,133,62,Emily Janiga
2021-12,1476.6367297769063,29.977443592327457,170,75,Emily Janiga
2022-01,1449.8446192920403,24.32995060993351,263,113,Emily Janiga
2022-02,1506.407430328055,19.152524601708627,440,214,Emily Janiga
2022-03,1518.6308718243367,18.482800705695556,551,276,Emily Janiga
Starting,1500.0,133.0,0,0,Shiann Darkangelo
2021-01,1571.24573666469,32.69052137989998,120,73,Shiann Darkangelo
2021-03,1562.238246345347,32.23808309949178,144,83,Shiann Darkangelo
2021-11,1557.9088753799763,31.17452160791872,169,96,Shiann Darkangelo
2021-12,1583.3377470680412,24.256736171115797,271,161,Shiann Darkangelo
2022-01,1562.005103569704,24.038959368142958,315,182,Shiann Darkangelo
2022-02,1551.7422862091478,21.085741854280155,422,243,Shiann Darkangelo
2022-03,1551.3054985411327,19.062121899092613,545,307,Shiann Darkangelo
Starting,1500.0,133.0,0,0,Kelly Babsck
2021-01,1410.9665919002873,45.94197954852151,57,21,Kelly Babsck
2021-11,1445.5984484000512,48.30455521976535,61,25,Kelly Babsck
2021-12,1495.042521709974,44.117518639156074,76,36,Kelly Babsck
2022-01,1494.7099073123377,42.89389510129785,84,40,Kelly Babsck
2022-02,1490.8004869270342,43.787656033438424,86,40,Kelly Babsck
2022-03,1503.373305074992,44.28124311866337,89,42,Kelly Babsck
Starting,1500.0,133.0,0,0,Natalie Marcuzzi
2021-01,1498.7521203738938,66.26098146225854,24,12,Natalie Marcuzzi
2022-01,1490.9142411398384,69.5088434938658,25,12,Natalie Marcuzzi
2022-02,1477.767569215502,52.3002101040866,47,24,Natalie Marcuzzi
2022-03,1516.4528617649391,39.39570964563066,86,45,Natalie Marcuzzi
Starting,1500.0,133.0,0,0,Breanne Wilson-Bennett
2021-01,1568.1814501871897,39.46005841448339,81,47,Breanne Wilson-Bennett
2021-03,1580.9519404130829,37.73665868561362,99,58,Breanne Wilson-Bennett
2022-02,1537.2035636180742,39.33040995946744,115,62,Breanne Wilson-Bennett
2022-03,1541.2979018796755,37.49169671775204,129,69,Breanne Wilson-Bennett
Starting,1500.0,133.0,0,0,Sarah-Eve Coutu Godbout
2021-01,1567.3407860440225,118.66768420449182,2,2,Sarah-Eve Coutu Godbout
Starting,1500.0,133.0,0,0,Amy Curlew
2021-01,1446.5146920865307,102.13312436880122,6,3,Amy Curlew
2021-03,1487.1618737810004,99.77163070460192,7,4,Amy Curlew
Starting,1500.0,133.0,0,0,Jayne Lewis
2021-01,1458.283081545442,125.42823473733786,1,0,Jayne Lewis
Starting,1500.0,133.0,0,0,Brooke Boquist
2021-01,1476.753212940973,108.46069158833639,4,2,Brooke Boquist
2021-03,1433.4791955383773,105.20094416418517,5,2,Brooke Boquist
2021-11,1476.1348603264628,53.938278652690904,41,19,Brooke Boquist
2021-12,1437.0961062121708,40.76644276428059,78,33,Brooke Boquist
2022-02,1428.212482639342,42.864433596961476,80,33,Brooke Boquist
2022-03,1432.9271427796489,42.90429804829032,84,35,Brooke Boquist
Starting,1500.0,133.0,0,0,Taytum Clairmont
2021-01,1479.6720933063975,59.00677890501816,31,15,Taytum Clairmont
Starting,1500.0,133.0,0,0,Taylor Woods
2021-01,1528.0068401895448,116.35533209517106,3,2,Taylor Woods
2021-12,1483.0938084925347,112.50296112937481,4,2,Taylor Woods
Starting,1500.0,133.0,0,0,Theresa Knutson
2021-01,1558.267357460351,120.43792929806301,2,2,Theresa Knutson
Starting,1500.0,133.0,0,0,Rebecca Russo
2021-01,1468.6825655980833,111.99309050252282,3,1,Rebecca Russo
2022-02,1523.9899753328073,111.0738226357977,4,2,Rebecca Russo
Starting,1500.0,133.0,0,0,Haley Mack
2021-01,1458.283081545442,125.42823473733786,1,0,Haley Mack
2021-03,1438.669014338219,107.59725677582527,4,1,Haley Mack
2021-11,1472.0599180351146,104.13521352670053,5,2,Haley Mack
2021-12,1513.9512628368961,101.25241888673139,6,3,Haley Mack
2022-03,1540.826513819039,98.70590804967622,7,4,Haley Mack
Starting,1500.0,133.0,0,0,Tereza Vanisova
2021-01,1596.635447205433,40.798159488248984,75,51,Tereza Vanisova
2021-02,1607.9929498517006,39.79760329722113,86,60,Tereza Vanisova
2021-03,1611.149104832478,35.26478924339168,116,80,Tereza Vanisova
Starting,1500.0,133.0,0,0,Carlee Turner
2021-01,1487.1125483177213,49.51429131312433,49,23,Carlee Turner
2021-02,1538.1633557917055,47.17815868435946,57,31,Carlee Turner
2021-03,1522.9930855618886,44.30274410160832,68,35,Carlee Turner
Starting,1500.0,133.0,0,0,Lynn Astrup
2021-01,1340.386796225643,100.11533697724151,6,0,Lynn Astrup
2021-03,1357.4722704530116,94.70944265093344,8,1,Lynn Astrup
Starting,1500.0,133.0,0,0,Meghara McManus
2021-01,1430.3087157033078,96.59747128803863,7,2,Meghara McManus
2021-03,1465.6081965690828,88.48506657142005,10,4,Meghara McManus
2021-11,1476.7562483270708,80.3090935270195,14,6,Meghara McManus
2021-12,1451.031274636523,75.76336322998824,17,7,Meghara McManus
2022-01,1520.3893915110918,50.868787844636444,45,23,Meghara McManus
2022-02,1506.1321180059886,49.61719276322823,50,24,Meghara McManus
2022-03,1472.6745489783193,45.588684391921554,62,27,Meghara McManus
Starting,1500.0,133.0,0,0,Maddie Rowe
2021-01,1477.9468188794324,127.09351311837756,1,0,Maddie Rowe
Starting,1500.0,133.0,0,0,Kayla Friesen
2021-01,1463.9588069429644,55.37983147355466,39,16,Kayla Friesen
2021-03,1465.3190542763218,45.40076553202753,62,28,Kayla Friesen
2021-11,1478.7605663393088,27.984575354139405,178,82,Kayla Friesen
2021-12,1473.4295303661015,29.21666947285349,185,84,Kayla Friesen
2022-02,1467.659743647862,27.378315604536617,237,106,Kayla Friesen
2022-03,1482.9088870699816,22.573563019248677,340,159,Kayla Friesen
Starting,1500.0,133.0,0,0,Mackenzie Lancaster
2021-01,1446.6430842617162,73.92650160476771,18,7,Mackenzie Lancaster
Starting,1500.0,133.0,0,0,Kateylnn Russ
2021-01,1459.7666855227674,95.23972602527674,8,3,Kateylnn Russ
2021-03,1516.982681412017,82.55614084723902,13,7,Kateylnn Russ
2021-11,1475.4846200930824,77.94237336766416,16,7,Kateylnn Russ
2022-02,1498.4206322438272,75.18516739458443,19,9,Kateylnn Russ
2022-03,1481.9284020563002,59.400251845422034,35,15,Kateylnn Russ
Starting,1500.0,133.0,0,0,Neve Van Pelt
2021-01,1443.2315649165407,63.30254417015558,27,10,Neve Van Pelt
Starting,1500.0,133.0,0,0,Lauren Kelly
2021-01,1447.1896591151126,124.77159387183333,1,0,Lauren Kelly
2022-02,1495.1537057392272,120.02031769902537,2,1,Lauren Kelly
Starting,1500.0,133.0,0,0,Meaghan Rickard
2021-01,1415.1918950847157,118.45651490192479,2,0,Meaghan Rickard
Starting,1500.0,133.0,0,0,Mackenzie MacNeil
2021-01,1485.3617914761387,128.19387049154352,1,0,Mackenzie MacNeil
Starting,1500.0,133.0,0,0,Taylor Wenczkowski
2021-01,1402.4129537329293,118.17410441708333,2,0,Taylor Wenczkowski
2021-03,1381.6911111757447,113.94552049325564,3,0,Taylor Wenczkowski
2021-11,1368.401156488167,98.49938235746357,7,1,Taylor Wenczkowski
2021-12,1412.7774136191217,62.09635520655062,31,11,Taylor Wenczkowski
2022-01,1463.1791275504345,40.54551617380601,80,35,Taylor Wenczkowski
2022-02,1477.9616131360842,34.439139642545946,115,53,Taylor Wenczkowski
2022-03,1506.1901269820967,25.09870575911612,221,107,Taylor Wenczkowski
Starting,1500.0,133.0,0,0,Sammy Davis
2021-01,1541.3946281744472,112.73710410074722,3,2,Sammy Davis
2021-03,1563.767100993455,108.90259340318833,4,3,Sammy Davis
2021-11,1561.7105616711192,98.7225556318209,7,5,Sammy Davis
2022-01,1528.7055152768335,91.98986806727294,10,6,Sammy Davis
2022-02,1556.339317736192,84.91388722871689,13,8,Sammy Davis
2022-03,1502.7977961608838,70.94184442198537,21,10,Sammy Davis
Starting,1500.0,133.0,0,0,Hunter Accursi
2021-01,1431.698694920203,109.25514280321347,4,1,Hunter Accursi
2021-02,1389.3378550522123,80.8134148650986,14,3,Hunter Accursi
Starting,1500.0,133.0,0,0,Brittany Coln
2021-01,1394.1609548537158,107.32484939476906,4,0,Brittany Coln
2021-02,1309.9847203753575,92.54451460934449,9,0,Brittany Coln
Starting,1500.0,133.0,0,0,Julie Allen
2021-01,1420.256369816166,71.6332984963181,18,6,Julie Allen
2021-03,1475.9038570948087,63.704267216043164,27,11,Julie Allen
Starting,1500.0,133.0,0,0,Emma Greco
2021-01,1458.9692231026788,124.3796003330506,1,0,Emma Greco
Starting,1500.0,133.0,0,0,Rachael Ade
2021-01,1458.283081545442,125.42823473733786,1,0,Rachael Ade
Starting,1500.0,133.0,0,0,Megan Quinn
2021-03,1557.962501990577,125.0487944938267,1,1,Megan Quinn
Starting,1500.0,133.0,0,0,Nicole Guagliardo
2021-03,1579.4981752649167,117.08505376651739,2,2,Nicole Guagliardo
Starting,1500.0,133.0,0,0,Nora Maclaine
2021-11,1581.2124016621406,48.922054143763916,50,32,Nora Maclaine
2021-12,1577.644844594012,45.19614325677442,62,39,Nora Maclaine
2022-01,1543.553753841818,36.67695495414203,101,58,Nora Maclaine
2022-02,1532.906482969866,32.35890882405396,136,76,Nora Maclaine
2022-03,1530.1626374528453,28.601823564698794,184,101,Nora Maclaine
Starting,1500.0,133.0,0,0,Catherine Crawley
2021-11,1539.357297985139,36.32612726121201,95,55,Catherine Crawley
2021-12,1543.9750254796772,37.06635620836592,99,58,Catherine Crawley
2022-01,1540.1897175624297,38.33855664067959,100,58,Catherine Crawley
Starting,1500.0,133.0,0,0,Kennedy Marchment
2021-11,1573.9026000940696,78.51344538544708,15,8,Kennedy Marchment
2021-12,1493.0268609547425,38.88799238746087,82,40,Kennedy Marchment
2022-01,1504.9353529970667,32.715890856975854,123,62,Kennedy Marchment
2022-02,1499.120745470173,29.017574002835794,168,83,Kennedy Marchment
2022-03,1489.3216203079564,20.036715320240006,353,174,Kennedy Marchment
Starting,1500.0,133.0,0,0,Ashleigh Brykaliuk
2021-11,1501.9842098245454,43.71165109731626,63,30,Ashleigh Brykaliuk
2021-12,1543.2464720720693,31.01910536667386,134,69,Ashleigh Brykaliuk
2022-01,1522.6871049973797,28.382708501269555,179,93,Ashleigh Brykaliuk
2022-02,1533.2243971682003,21.98752064533876,309,165,Ashleigh Brykaliuk
2022-03,1506.968362754319,19.391981712302375,437,222,Ashleigh Brykaliuk
Starting,1500.0,133.0,0,0,Evelina Raselli
2021-11,1540.930590996302,38.099785194679875,86,46,Evelina Raselli
2021-12,1533.686698002234,34.26198468876468,114,61,Evelina Raselli
2022-02,1595.8077207670628,31.683139114781838,150,91,Evelina Raselli
2022-03,1620.3566106026133,22.79050591204716,290,184,Evelina Raselli
Starting,1500.0,133.0,0,0,Cassidy Vinkle
2021-11,1490.6747894005448,42.78760655166217,65,31,Cassidy Vinkle
2021-12,1478.0294570613435,36.51536760246133,97,42,Cassidy Vinkle
2022-01,1493.2541053542977,31.71829155046468,137,63,Cassidy Vinkle
2022-02,1495.2821444797514,32.024681781741776,149,70,Cassidy Vinkle
Starting,1500.0,133.0,0,0,Leah Marino
2021-11,1446.1790131738655,68.15855303608232,22,9,Leah Marino
2021-12,1449.4272612321022,37.95332577715884,86,37,Leah Marino
2022-01,1438.5432614290787,34.89379422819862,110,47,Leah Marino
2022-02,1459.1893231576935,31.68001984196172,141,64,Leah Marino
2022-03,1456.3249215915225,32.503680214878685,148,66,Leah Marino
Starting,1500.0,133.0,0,0,Michela Cava
2021-11,1463.2356540686483,99.53671267569561,7,2,Michela Cava
2021-12,1557.6612476820922,83.2725911216631,14,7,Michela Cava
Starting,1500.0,133.0,0,0,Missy Segall
2021-11,1471.8085217111927,125.91478864927787,1,0,Missy Segall
2022-01,1542.430269520071,122.25191229150182,2,1,Missy Segall
2022-02,1486.69375280419,86.08741499908264,11,4,Missy Segall
2022-03,1499.9523603266186,82.76642978536108,13,5,Missy Segall
Starting,1500.0,133.0,0,0,Alex Woken
2021-11,1600.5369117934931,111.47990409764992,3,3,Alex Woken
2021-12,1536.858957052669,86.79550621075911,10,5,Alex Woken
2022-02,1543.3598436975728,82.12551309355,13,6,Alex Woken
2022-03,1532.4366532614004,80.9554290372871,14,6,Alex Woken
Starting,1500.0,133.0,0,0,Taylor Girard
2021-11,1459.3765816867492,116.52705173103432,3,1,Taylor Girard
Starting,1500.0,133.0,0,0,Rebecca Morse
2021-11,1539.7579403704071,124.45805645158678,1,1,Rebecca Morse
Starting,1500.0,133.0,0,0,Emma Woods
2021-11,1428.577893248926,118.16211373236466,2,0,Emma Woods
2021-12,1506.7063838619492,77.10881913799969,17,7,Emma Woods
2022-02,1549.561697740142,75.41661959727196,19,9,Emma Woods
Starting,1500.0,133.0,0,0,Anjelica Diffendal
2021-11,1440.912921109527,123.79935687751693,2,1,Anjelica Diffendal
2022-02,1457.5224274073576,112.24147170460834,4,2,Anjelica Diffendal
Starting,1500.0,133.0,0,0,Emilie Harley
2021-11,1448.6911703551075,124.61557777132953,1,0,Emilie Harley
2022-02,1410.2427557789792,118.56126241199887,2,0,Emilie Harley
Starting,1500.0,133.0,0,0,Kennedy Ganser
2021-11,1514.253169744417,113.27705950042817,3,2,Kennedy Ganser
2021-12,1456.7760782578475,104.02467251563654,5,2,Kennedy Ganser
2022-01,1536.2718100844475,39.41758173950111,79,43,Kennedy Ganser
2022-02,1500.8773315713534,23.80211435124243,236,121,Kennedy Ganser
2022-03,1520.1554016025707,20.85487207469454,345,179,Kennedy Ganser
Starting,1500.0,133.0,0,0,Janka Hlinka
2021-11,1498.9981831950115,99.5677733711169,6,3,Janka Hlinka
2022-02,1531.4974404426466,97.38340924867957,7,4,Janka Hlinka
2022-03,1429.8747635795098,55.97139567788038,35,15,Janka Hlinka
Starting,1500.0,133.0,0,0,Patti Marshall
2021-12,1511.3992529014001,117.79767089703834,2,1,Patti Marshall
Starting,1500.0,133.0,0,0,Taylor Day
2021-12,1515.3452233889154,117.65746481941208,2,1,Taylor Day
Starting,1500.0,133.0,0,0,Emma Stauber
2021-12,1462.9121110340498,124.50895156800586,1,0,Emma Stauber
Starting,1500.0,133.0,0,0,Chelsey Rosenthal
2021-12,1497.9671728336018,117.53013015188054,2,1,Chelsey Rosenthal
Starting,1500.0,133.0,0,0,Taylor Turnquist
2021-12,1462.9121110340498,124.50895156800586,1,0,Taylor Turnquist
2022-02,1427.5373413383636,118.10749383659619,2,0,Taylor Turnquist
2022-03,1430.3372867996773,37.34427847617716,86,34,Taylor Turnquist
Starting,1500.0,133.0,0,0,Alyssa Wohlfeiler
2021-12,1469.3350375902762,99.28514257627359,6,3,Alyssa Wohlfeiler
Starting,1500.0,133.0,0,0,Claudia Kepler
2022-01,1465.6345774228178,69.53398930895264,19,8,Claudia Kepler
Starting,1500.0,133.0,0,0,Maegan Beres
2022-01,1520.2130286822678,126.86473720216284,1,1,Maegan Beres
2022-02,1621.5625590323968,108.32185728788569,4,4,Maegan Beres
2022-03,1648.4595075061807,103.97550632934184,5,5,Maegan Beres
Starting,1500.0,133.0,0,0,Jenna Suokko
2022-01,1530.4291809852716,125.09240675865016,1,1,Jenna Suokko
2022-02,1494.5926636957236,118.18949291358912,2,1,Jenna Suokko
Starting,1500.0,133.0,0,0,Autumn MacDougall
2022-01,1566.5290191717197,126.20868272003443,1,1,Autumn MacDougall
2022-02,1578.2032021337309,123.00258151547342,2,2,Autumn MacDougall
Starting,1500.0,133.0,0,0,Hannah Bates
2022-02,1418.3703757964067,118.07481537356497,2,0,Hannah Bates
Starting,1500.0,133.0,0,0,Amy Budde
2022-02,1547.1511459783724,124.3162399954254,1,1,Amy Budde
Starting,1500.0,133.0,0,0,Tori Howran
2022-02,1464.0031978715167,124.5470924337264,1,0,Tori Howran
Starting,1500.0,133.0,0,0,Romana Kosecka
2022-02,1466.7982513386248,111.02553844742293,3,1,Romana Kosecka
Starting,1500.0,133.0,0,0,Annie MacDonald
2022-02,1542.2338396228772,124.31698149816258,1,1,Annie MacDonald
Starting,1500.0,133.0,0,0,Emma Keenan
2022-02,1481.2040162487745,118.82145566525288,2,1,Emma Keenan
2022-03,1443.2635064019698,112.892066476743,3,1,Emma Keenan
Starting,1500.0,133.0,0,0,Melissa Samoskevich
2022-03,1525.2456566634105,125.84857468893107,1,1,Melissa Samoskevich
Starting,1500.0,133.0,0,0,Mallory Souliotis
2022-03,1459.8925199266384,124.37135426879948,1,0,Mallory Souliotis
Starting,1500.0,133.0,0,0,Randi Marcon
2022-03,1543.6871611127729,80.82525580827924,13,7,Randi Marcon
Starting,1500.0,133.0,0,0,Amanda Conway
2022-03,1508.749886518606,117.2173316539974,2,1,Amanda Conway
Starting,1500.0,133.0,0,0,Dana Trivigno
2022-03,1489.2904960354558,55.90890243832604,34,14,Dana Trivigno
Starting,1500.0,133.0,0,0,Teresa Vanisova
2022-03,1489.6098406917731,118.25279241166967,2,1,Teresa Vanisova
